Jahr,Extremniederschlagstage_Anzahl,Frosttage_Anzahl,Heisse_Tage_Anzahl,Tropennaechte_Anzahl,Hitzewellentage_Anzahl,Modell
1950,8,80,3,6,0,Szenario RCP 4.5
1951,6,105,8,7,0,Szenario RCP 4.5
1952,10,74,5,9,0,Szenario RCP 4.5
1953,6,88,1,1,0,Szenario RCP 4.5
1954,4,59,1,0,0,Szenario RCP 4.5
1955,11,89,12,13,6,Szenario RCP 4.5
1956,10,67,3,2,0,Szenario RCP 4.5
1957,14,60,1,1,0,Szenario RCP 4.5
1958,5,93,0,0,0,Szenario RCP 4.5
1959,4,44,2,2,0,Szenario RCP 4.5
1960,10,92,3,1,0,Szenario RCP 4.5
1961,6,94,0,1,0,Szenario RCP 4.5
1962,6,72,0,0,0,Szenario RCP 4.5
1963,1,76,5,8,4,Szenario RCP 4.5
1964,9,40,1,2,0,Szenario RCP 4.5
1965,12,79,0,0,0,Szenario RCP 4.5
1966,13,81,0,3,0,Szenario RCP 4.5
1967,5,82,0,1,0,Szenario RCP 4.5
1968,10,58,0,0,0,Szenario RCP 4.5
1969,10,65,3,4,3,Szenario RCP 4.5
1970,13,71,0,0,0,Szenario RCP 4.5
1971,13,88,8,8,4,Szenario RCP 4.5
1972,12,70,0,0,0,Szenario RCP 4.5
1973,8,58,2,5,0,Szenario RCP 4.5
1974,6,60,2,2,0,Szenario RCP 4.5
1975,3,82,3,10,0,Szenario RCP 4.5
1976,7,74,0,1,0,Szenario RCP 4.5
1977,10,71,0,2,0,Szenario RCP 4.5
1978,7,88,7,14,0,Szenario RCP 4.5
1979,8,62,8,18,0,Szenario RCP 4.5
1980,9,38,1,3,0,Szenario RCP 4.5
1981,15,53,3,4,0,Szenario RCP 4.5
1982,9,74,2,0,0,Szenario RCP 4.5
1983,6,54,3,0,0,Szenario RCP 4.5
1984,5,85,0,1,0,Szenario RCP 4.5
1985,10,65,1,1,0,Szenario RCP 4.5
1986,6,59,8,12,0,Szenario RCP 4.5
1987,11,51,4,5,0,Szenario RCP 4.5
1988,9,64,0,6,0,Szenario RCP 4.5
1989,7,51,0,1,0,Szenario RCP 4.5
1990,9,59,1,4,0,Szenario RCP 4.5
1991,5,67,3,6,0,Szenario RCP 4.5
1992,7,62,0,0,0,Szenario RCP 4.5
1993,7,68,2,2,0,Szenario RCP 4.5
1994,8,55,2,0,0,Szenario RCP 4.5
1995,8,55,4,6,0,Szenario RCP 4.5
1996,11,68,4,8,0,Szenario RCP 4.5
1997,12,67,0,1,0,Szenario RCP 4.5
1998,15,46,4,11,0,Szenario RCP 4.5
1999,7,67,4,12,4,Szenario RCP 4.5
2000,4,56,17,15,7,Szenario RCP 4.5
2001,11,67,2,3,0,Szenario RCP 4.5
2002,8,53,4,8,0,Szenario RCP 4.5
2003,6,46,3,2,0,Szenario RCP 4.5
2004,9,68,5,10,0,Szenario RCP 4.5
2005,7,94,5,4,0,Szenario RCP 4.5
2006,10,63,1,4,0,Szenario RCP 4.5
2007,13,76,2,7,0,Szenario RCP 4.5
2008,7,66,5,4,0,Szenario RCP 4.5
2009,9,63,0,0,0,Szenario RCP 4.5
2010,6,94,0,1,0,Szenario RCP 4.5
2011,8,47,5,23,0,Szenario RCP 4.5
2012,16,72,2,8,0,Szenario RCP 4.5
2013,9,61,4,7,0,Szenario RCP 4.5
2014,10,51,1,1,0,Szenario RCP 4.5
2015,8,93,6,13,0,Szenario RCP 4.5
2016,8,49,1,12,0,Szenario RCP 4.5
2017,9,52,1,5,0,Szenario RCP 4.5
2018,11,54,1,2,0,Szenario RCP 4.5
2019,11,56,5,0,0,Szenario RCP 4.5
2020,6,71,7,6,0,Szenario RCP 4.5
2021,13,77,0,1,0,Szenario RCP 4.5
2022,4,48,5,15,0,Szenario RCP 4.5
2023,7,62,1,3,0,Szenario RCP 4.5
2024,7,44,3,6,0,Szenario RCP 4.5
2025,9,50,0,0,0,Szenario RCP 4.5
2026,12,70,0,0,0,Szenario RCP 4.5
2027,15,90,8,8,0,Szenario RCP 4.5
2028,6,67,8,15,5,Szenario RCP 4.5
2029,9,53,15,13,7,Szenario RCP 4.5
2030,11,36,15,18,7,Szenario RCP 4.5
2031,10,52,15,20,4,Szenario RCP 4.5
2032,17,46,3,10,0,Szenario RCP 4.5
2033,7,51,9,22,5,Szenario RCP 4.5
2034,13,38,15,16,7,Szenario RCP 4.5
2035,12,52,1,3,0,Szenario RCP 4.5
2036,25,45,3,7,0,Szenario RCP 4.5
2037,14,22,7,12,0,Szenario RCP 4.5
2038,8,42,7,8,0,Szenario RCP 4.5
2039,15,37,12,18,6,Szenario RCP 4.5
2040,17,47,4,4,0,Szenario RCP 4.5
2041,10,52,7,10,0,Szenario RCP 4.5
2042,6,45,23,26,0,Szenario RCP 4.5
2043,9,50,5,11,0,Szenario RCP 4.5
2044,6,63,2,12,0,Szenario RCP 4.5
2045,12,41,2,3,0,Szenario RCP 4.5
2046,14,53,2,8,0,Szenario RCP 4.5
2047,13,77,8,14,0,Szenario RCP 4.5
2048,11,52,16,15,3,Szenario RCP 4.5
2049,6,52,7,13,0,Szenario RCP 4.5
2050,8,44,8,16,0,Szenario RCP 4.5
2051,9,48,8,14,0,Szenario RCP 4.5
2052,12,46,7,12,0,Szenario RCP 4.5
2053,12,19,1,4,0,Szenario RCP 4.5
2054,17,48,2,5,0,Szenario RCP 4.5
2055,12,51,5,11,0,Szenario RCP 4.5
2056,15,47,0,0,0,Szenario RCP 4.5
2057,10,45,14,19,3,Szenario RCP 4.5
2058,13,34,12,13,3,Szenario RCP 4.5
2059,9,80,3,4,0,Szenario RCP 4.5
2060,10,33,11,17,0,Szenario RCP 4.5
2061,6,41,5,15,0,Szenario RCP 4.5
2062,4,48,29,44,21,Szenario RCP 4.5
2063,11,29,32,35,16,Szenario RCP 4.5
2064,17,53,1,8,0,Szenario RCP 4.5
2065,16,28,5,13,0,Szenario RCP 4.5
2066,14,48,2,3,0,Szenario RCP 4.5
2067,10,38,5,17,0,Szenario RCP 4.5
2068,16,50,7,9,0,Szenario RCP 4.5
2069,8,52,6,19,0,Szenario RCP 4.5
2070,8,85,11,13,3,Szenario RCP 4.5
2071,9,46,12,23,5,Szenario RCP 4.5
2072,11,47,11,10,0,Szenario RCP 4.5
2073,6,62,12,12,3,Szenario RCP 4.5
2074,13,30,15,22,3,Szenario RCP 4.5
2075,5,34,10,13,3,Szenario RCP 4.5
2076,18,37,8,13,5,Szenario RCP 4.5
2077,8,38,5,12,0,Szenario RCP 4.5
2078,6,42,7,15,0,Szenario RCP 4.5
2079,4,40,8,12,3,Szenario RCP 4.5
2080,11,45,3,14,0,Szenario RCP 4.5
2081,13,58,9,10,0,Szenario RCP 4.5
2082,5,55,3,7,0,Szenario RCP 4.5
2083,11,42,4,11,0,Szenario RCP 4.5
2084,13,63,10,19,0,Szenario RCP 4.5
2085,6,67,3,11,0,Szenario RCP 4.5
2086,6,53,27,32,5,Szenario RCP 4.5
2087,11,41,0,5,0,Szenario RCP 4.5
2088,6,43,16,17,0,Szenario RCP 4.5
2089,12,21,9,11,0,Szenario RCP 4.5
2090,12,47,21,20,9,Szenario RCP 4.5
2091,6,37,22,34,7,Szenario RCP 4.5
2092,7,42,14,19,7,Szenario RCP 4.5
2093,15,40,4,11,0,Szenario RCP 4.5
2094,12,67,9,9,0,Szenario RCP 4.5
2095,11,39,5,5,3,Szenario RCP 4.5
2096,11,17,21,23,12,Szenario RCP 4.5
2097,5,41,18,30,5,Szenario RCP 4.5
2098,7,46,5,7,0,Szenario RCP 4.5
2099,8,36,20,25,14,Szenario RCP 4.5
2100,9,28,9,21,0,Szenario RCP 4.5
1950,8,83,6,6,0,Szenario RCP 8.5
1951,5,108,3,4,0,Szenario RCP 8.5
1952,10,75,3,4,0,Szenario RCP 8.5
1953,6,93,1,0,0,Szenario RCP 8.5
1954,4,64,0,0,0,Szenario RCP 8.5
1955,10,91,9,11,6,Szenario RCP 8.5
1956,9,72,0,2,0,Szenario RCP 8.5
1957,13,67,1,1,0,Szenario RCP 8.5
1958,4,96,0,0,0,Szenario RCP 8.5
1959,3,50,1,2,0,Szenario RCP 8.5
1960,10,94,0,1,0,Szenario RCP 8.5
1961,6,99,0,2,0,Szenario RCP 8.5
1962,4,76,0,0,0,Szenario RCP 8.5
1963,2,77,4,7,3,Szenario RCP 8.5
1964,8,46,0,1,0,Szenario RCP 8.5
1965,9,83,0,0,0,Szenario RCP 8.5
1966,12,86,0,3,0,Szenario RCP 8.5
1967,4,85,0,0,0,Szenario RCP 8.5
1968,9,60,0,0,0,Szenario RCP 8.5
1969,10,70,3,2,0,Szenario RCP 8.5
1970,13,72,0,0,0,Szenario RCP 8.5
1971,12,92,5,8,0,Szenario RCP 8.5
1972,10,76,0,0,0,Szenario RCP 8.5
1973,8,61,1,4,0,Szenario RCP 8.5
1974,6,61,1,2,0,Szenario RCP 8.5
1975,3,82,1,7,0,Szenario RCP 8.5
1976,6,80,0,1,0,Szenario RCP 8.5
1977,10,72,0,2,0,Szenario RCP 8.5
1978,8,90,4,11,0,Szenario RCP 8.5
1979,8,62,5,17,0,Szenario RCP 8.5
1980,9,39,1,1,0,Szenario RCP 8.5
1981,14,55,3,2,0,Szenario RCP 8.5
1982,9,81,0,0,0,Szenario RCP 8.5
1983,6,61,1,0,0,Szenario RCP 8.5
1984,6,86,0,0,0,Szenario RCP 8.5
1985,9,70,0,2,0,Szenario RCP 8.5
1986,7,64,5,11,0,Szenario RCP 8.5
1987,12,55,3,5,0,Szenario RCP 8.5
1988,8,70,0,6,0,Szenario RCP 8.5
1989,5,55,0,1,0,Szenario RCP 8.5
1990,7,64,1,3,0,Szenario RCP 8.5
1991,6,71,2,6,0,Szenario RCP 8.5
1992,8,70,0,0,0,Szenario RCP 8.5
1993,7,75,1,1,0,Szenario RCP 8.5
1994,8,61,0,0,0,Szenario RCP 8.5
1995,7,56,2,6,0,Szenario RCP 8.5
1996,12,71,0,8,0,Szenario RCP 8.5
1997,11,74,1,1,0,Szenario RCP 8.5
1998,15,50,3,11,0,Szenario RCP 8.5
1999,8,71,4,11,3,Szenario RCP 8.5
2000,3,58,15,14,4,Szenario RCP 8.5
2001,13,69,1,2,0,Szenario RCP 8.5
2002,6,56,2,7,0,Szenario RCP 8.5
2003,7,47,2,3,0,Szenario RCP 8.5
2004,10,73,4,8,0,Szenario RCP 8.5
2005,8,99,3,3,0,Szenario RCP 8.5
2006,12,57,0,2,0,Szenario RCP 8.5
2007,9,92,2,2,0,Szenario RCP 8.5
2008,9,48,6,11,0,Szenario RCP 8.5
2009,5,61,17,24,10,Szenario RCP 8.5
2010,11,63,4,7,0,Szenario RCP 8.5
2011,6,74,4,3,0,Szenario RCP 8.5
2012,6,41,7,9,3,Szenario RCP 8.5
2013,8,80,0,2,0,Szenario RCP 8.5
2014,14,69,6,5,3,Szenario RCP 8.5
2015,8,25,4,10,0,Szenario RCP 8.5
2016,9,66,6,11,0,Szenario RCP 8.5
2017,10,55,1,5,0,Szenario RCP 8.5
2018,15,41,3,3,3,Szenario RCP 8.5
2019,9,52,3,4,0,Szenario RCP 8.5
2020,9,60,2,0,0,Szenario RCP 8.5
2021,16,99,4,5,0,Szenario RCP 8.5
2022,11,70,2,8,0,Szenario RCP 8.5
2023,9,64,4,6,0,Szenario RCP 8.5
2024,5,94,0,1,0,Szenario RCP 8.5
2025,9,44,2,8,0,Szenario RCP 8.5
2026,10,34,0,5,0,Szenario RCP 8.5
2027,10,48,3,8,0,Szenario RCP 8.5
2028,10,38,0,4,0,Szenario RCP 8.5
2029,9,55,4,7,0,Szenario RCP 8.5
2030,4,59,4,8,0,Szenario RCP 8.5
2031,11,87,17,27,4,Szenario RCP 8.5
2032,4,53,20,20,6,Szenario RCP 8.5
2033,7,64,3,7,0,Szenario RCP 8.5
2034,9,52,15,26,5,Szenario RCP 8.5
2035,5,55,6,16,3,Szenario RCP 8.5
2036,8,42,1,6,0,Szenario RCP 8.5
2037,12,88,2,9,0,Szenario RCP 8.5
2038,8,49,18,16,0,Szenario RCP 8.5
2039,13,47,4,13,0,Szenario RCP 8.5
2040,5,70,2,7,0,Szenario RCP 8.5
2041,13,52,1,8,0,Szenario RCP 8.5
2042,9,49,11,12,5,Szenario RCP 8.5
2043,18,38,5,21,0,Szenario RCP 8.5
2044,8,42,7,22,3,Szenario RCP 8.5
2045,10,60,9,9,0,Szenario RCP 8.5
2046,12,73,3,7,0,Szenario RCP 8.5
2047,9,59,2,8,0,Szenario RCP 8.5
2048,9,50,2,6,0,Szenario RCP 8.5
2049,11,73,5,8,0,Szenario RCP 8.5
2050,9,45,4,15,0,Szenario RCP 8.5
2051,17,44,6,12,0,Szenario RCP 8.5
2052,10,61,4,7,0,Szenario RCP 8.5
2053,5,44,25,32,8,Szenario RCP 8.5
2054,14,45,19,28,6,Szenario RCP 8.5
2055,17,18,13,35,6,Szenario RCP 8.5
2056,13,41,20,29,14,Szenario RCP 8.5
2057,12,44,10,18,0,Szenario RCP 8.5
2058,9,44,3,7,0,Szenario RCP 8.5
2059,10,44,10,30,3,Szenario RCP 8.5
2060,11,37,6,18,3,Szenario RCP 8.5
2061,17,27,6,15,0,Szenario RCP 8.5
2062,12,40,4,9,0,Szenario RCP 8.5
2063,11,55,25,40,13,Szenario RCP 8.5
2064,10,51,8,19,0,Szenario RCP 8.5
2065,14,67,8,21,7,Szenario RCP 8.5
2066,18,64,8,17,0,Szenario RCP 8.5
2067,2,53,2,5,0,Szenario RCP 8.5
2068,13,51,4,15,0,Szenario RCP 8.5
2069,7,26,10,18,0,Szenario RCP 8.5
2070,13,25,5,19,0,Szenario RCP 8.5
2071,14,51,21,32,6,Szenario RCP 8.5
2072,10,5,20,35,15,Szenario RCP 8.5
2073,14,35,24,34,3,Szenario RCP 8.5
2074,18,22,2,6,0,Szenario RCP 8.5
2075,10,30,21,28,9,Szenario RCP 8.5
2076,12,42,15,37,7,Szenario RCP 8.5
2077,13,13,10,25,6,Szenario RCP 8.5
2078,17,29,4,19,0,Szenario RCP 8.5
2079,6,36,19,22,9,Szenario RCP 8.5
2080,12,32,19,26,12,Szenario RCP 8.5
2081,7,43,12,25,0,Szenario RCP 8.5
2082,8,31,44,48,29,Szenario RCP 8.5
2083,9,18,31,35,20,Szenario RCP 8.5
2084,12,33,17,23,8,Szenario RCP 8.5
2085,7,7,34,50,19,Szenario RCP 8.5
2086,8,33,44,48,13,Szenario RCP 8.5
2087,12,30,20,26,0,Szenario RCP 8.5
2088,8,27,20,37,6,Szenario RCP 8.5
2089,11,26,15,23,0,Szenario RCP 8.5
2090,9,59,47,61,31,Szenario RCP 8.5
2091,12,10,15,28,4,Szenario RCP 8.5
2092,8,41,39,45,26,Szenario RCP 8.5
2093,15,7,24,30,13,Szenario RCP 8.5
2094,13,16,22,38,12,Szenario RCP 8.5
2095,24,29,27,33,16,Szenario RCP 8.5
2096,9,17,56,59,39,Szenario RCP 8.5
2097,15,19,18,34,8,Szenario RCP 8.5
2098,7,18,42,52,15,Szenario RCP 8.5
2099,19,8,34,36,22,Szenario RCP 8.5
2100,14,20,24,34,12,Szenario RCP 8.5
