start,end,o3_mean,o3_median,o3_min,o3_max,no2_mean,no2_median,no2_min,no2_max,pm10_mean,pm10_median,pm10_min,pm10_max,pm25_mean,pm25_median,pm25_min,pm25_max
2008-01-01,2008-01-31,22.254332386363636,18.28,0.03,78.42,31.11588732394366,32.38,0.21,111.62,24.91388663967611,24.27,0.78,239.41,,,,
2008-02-01,2008-02-29,28.476156156156154,29.59,0.0,78.19,33.228093093093094,30.71,3.61,100.92,31.03389781021898,26.58,0.62,110.78,,,,
2008-03-01,2008-03-31,57.02744350282486,62.519999999999996,0.3,96.22,16.316413502109704,11.86,0.09,83.71,13.116302294197032,11.26,0.63,76.07,,,,
2008-04-01,2008-04-30,52.65672011661808,55.04,0.53,113.99,19.995416058394163,17.61,2.75,65.68,15.123347280334729,14.02,0.9,52.76,,,,
2008-05-01,2008-05-31,67.83191549295775,66.205,5.85,138.64,15.033478873239437,13.129999999999999,2.88,59.83,18.465152354570638,16.575,2.33,75.45,,,,
2008-06-01,2008-06-30,62.570542521994135,60.97,7.0,134.56,12.096339677891653,10.8,2.7,49.04,14.683841807909605,13.225000000000001,0.91,69.48,,,,
2008-07-01,2008-07-31,69.26728169014083,63.83,3.46,158.07,11.267943661971831,9.86,0.44,51.62,12.82940620782726,12.39,1.97,39.89,,,,
2008-08-01,2008-08-31,58.31895774647887,56.515,0.84,129.72,12.104253521126761,10.43,1.5,75.28,14.557544338335607,12.79,1.77,49.78,,,,
2008-09-01,2008-09-30,42.16938953488372,39.900000000000006,3.06,123.65,15.627877906976744,14.37,1.8,53.49,18.71645340751043,17.7,3.23,45.85,,,,
2008-10-01,2008-10-31,25.859887798036464,23.8,0.11,73.94,23.096512605042015,20.845,3.79,78.59,22.000966442953022,19.53,1.6,90.71,,,,
2008-11-01,2008-11-30,18.397398255813954,9.5,0.08,68.8,28.648809869375906,27.47,3.5,135.26,25.999438990182327,25.6,2.58,65.36,,,,
2008-12-01,2008-12-31,20.0537304964539,15.58,0.01,67.33,26.50524893314367,26.38,1.84,89.45,28.09184139784946,19.77,4.66,1323.33,,,,
2009-01-01,2009-01-31,21.66356338028169,19.475,0.0,81.51,34.055732394366196,32.04,6.13,83.33,36.65977150537634,36.99,3.62,232.14,,,,
2009-02-01,2009-02-28,31.523582554517134,34.4,0.04,77.19,30.35480499219969,27.0,4.73,88.33,26.764255952380957,24.02,3.49,71.85,,,,
2009-03-01,2009-03-31,50.24736990154711,53.37,0.07,104.57,21.720408450704227,18.740000000000002,0.24,78.93,20.082395693135936,16.4,3.58,70.66,,,,
2009-04-01,2009-04-30,64.71715133531157,61.8,0.01,142.68,20.400319634703198,16.38,2.13,93.7,22.979883040935672,20.634999999999998,5.05,65.41,,,,
2009-05-01,2009-05-31,63.77823281907433,63.24,0.05,135.46,14.471358024691359,12.36,0.7,87.6,18.162196765498653,16.475,5.69,43.73,,,,
2009-06-01,2009-06-30,71.46417758369724,69.86,5.88,135.82,10.36037845705968,9.06,0.46,44.72,14.16317548746518,13.684999999999999,3.54,28.38,,,,
2009-07-01,2009-07-31,60.80811881188119,58.49,1.53,130.83,13.05968882602546,11.07,0.95,45.92,12.35659891598916,11.125,1.2,29.53,,,,
2009-08-01,2009-08-31,64.72474719101123,59.5,3.5,166.11,13.715853994490358,11.64,2.43,71.47,15.935080862533693,14.59,3.96,61.66,,,,
2009-09-01,2009-09-30,45.33523947750363,44.39,0.04,123.19,16.994336661911557,15.22,0.42,68.86,19.033963838664814,17.03,0.14,59.14,,,,
2009-10-01,2009-10-31,25.80546348314607,23.945,0.01,90.34,22.8956338028169,21.21,2.3,93.16,18.256010781671158,15.059999999999999,3.39,59.74,,,,
2009-11-01,2009-11-30,19.627866473149492,9.1,0.09,71.81,26.14464441219158,25.26,2.14,60.94,14.970473457675753,13.88,0.4,62.42,,,,
2009-12-01,2009-12-31,22.66576056338028,21.515,0.17,71.2,31.844474053295933,30.41,4.27,93.58,19.842449255751013,20.05,1.8,73.73,,,,
2010-01-01,2010-01-31,23.02806818181818,18.795,0.1,77.22,31.571345609065155,31.195,2.86,69.76,41.806243243243244,43.425,5.65,328.93,,,,
2010-02-01,2010-02-28,38.33251944012442,38.73,0.32,89.46,31.912496099843995,27.64,0.37,108.1,39.295799701046334,30.99,5.51,132.86,,,,
2010-03-01,2010-03-31,53.09741109530584,58.99,0.33,102.39,24.260971830985916,20.314999999999998,0.03,95.44,29.521565934065936,26.509999999999998,2.83,89.45,,,,
2010-04-01,2010-04-30,64.2696496350365,65.42,1.18,159.33,21.298950437317785,18.255000000000003,0.02,100.62,30.109007092198578,29.63,4.69,85.02,,,,
2010-05-01,2010-05-31,62.84520451339915,59.24,4.46,143.12,13.946320224719102,12.49,0.08,48.18,16.67686827956989,15.725,4.34,43.7,,,,
2010-06-01,2010-06-30,72.69647660818714,62.980000000000004,9.6,182.9,14.264593023255815,12.93,1.82,60.36,21.231480446927375,20.73,6.15,50.73,,,,
2010-07-01,2010-07-31,82.62129032258065,75.15,1.74,197.09,14.840031347962384,13.16,2.73,51.24,20.32748280605227,18.68,3.61,48.86,,,,
2010-08-01,2010-08-31,58.88887165021156,58.84,1.87,124.55,14.124185393258427,12.094999999999999,1.02,47.61,14.132743243243242,13.81,3.86,37.27,,,,
2010-09-01,2010-09-30,42.62043731778426,41.765,1.12,104.57,17.985291545189504,15.795,0.9,65.04,16.166333333333334,14.495000000000001,4.51,48.25,,,,
2010-10-01,2010-10-31,25.804971830985913,22.155,0.12,73.4,26.433943661971828,23.55,7.45,71.25,22.39367924528302,19.97,3.33,64.33,,,,
2010-11-01,2010-11-30,25.088991228070174,22.86,0.18,82.75,24.400000000000002,22.88,4.27,67.34,15.793096234309623,13.48,0.79,56.26,,,,
2010-12-01,2010-12-31,20.715162200282087,15.96,0.02,83.47,35.59706371191136,36.54,4.97,83.49,20.663983849259758,19.45,3.81,59.31,,,,
2011-01-01,2011-01-31,27.814626234132582,28.9,0.09,73.91,29.844809590973203,28.38,5.14,83.22,24.527227456258412,20.78,4.1,136.4,,,,
2011-02-01,2011-02-28,19.974209702660406,15.05,0.29,78.13,37.682989045383415,35.49,4.14,109.3,40.50861194029851,41.845,8.2,70.94,,,,
2011-03-01,2011-03-31,42.91163841807909,43.34,0.0,109.88,21.45069209039548,17.755000000000003,0.15,89.45,34.16759284731774,31.16,9.32,91.75,,,,
2011-04-01,2011-04-30,67.5489458272328,66.87,1.15,158.03,17.887349926793558,14.96,0.0,68.19,21.237903682719544,20.65,6.98,41.48,,,,
2011-05-01,2011-05-31,76.8712305516266,75.37,7.97,162.98,13.197538896746817,11.03,0.22,66.69,16.60101078167116,16.04,5.38,35.59,,,,
2011-06-01,2011-06-30,69.98434210526315,68.2,9.35,168.86,11.461478770131771,10.12,1.54,34.66,12.310143266475643,11.515,4.42,28.07,,,,
2011-07-01,2011-07-31,70.87059322033898,67.44999999999999,7.5,169.89,10.908658192090396,9.59,0.94,44.83,10.067405913978494,9.635,2.54,22.26,,,,
2011-08-01,2011-08-31,61.47726375176304,56.89,0.25,144.88,15.23015514809591,12.61,1.13,73.2,14.466990553306344,13.12,1.39,42.32,,,,
2011-09-01,2011-09-30,43.574504373177845,45.0,0.05,132.04,18.344131386861314,15.7,1.03,80.35,16.79173852573018,14.64,2.09,51.02,,,,
2011-10-01,2011-10-31,24.287215189873418,23.35,0.19,84.88,20.963009845288326,19.23,2.32,78.72,20.238671140939598,20.72,1.72,50.28,,,,
2011-11-01,2011-11-30,6.203352855051245,3.25,0.0,42.08,30.081231671554253,29.46,14.96,58.7,25.337991631799163,24.63,13.39,42.94,,,,
2011-12-01,2011-12-31,38.45733333333333,43.42,0.35,79.67,19.706961483594863,16.8,2.23,67.16,9.092520215633423,6.985,1.44,31.34,,,,
2012-01-01,2012-01-31,35.19155807365439,37.62,1.15,75.95,22.283742937853106,19.65,1.37,83.48,18.259825268817202,15.12,0.94,80.22,,,,
2012-02-01,2012-02-29,34.64438543247345,36.62,0.15,85.51,36.49570996978852,30.855,11.67,97.72,37.62629682997118,35.83,6.67,99.35,,,,
2012-03-01,2012-03-31,36.34455319148936,30.32,0.43,110.33,36.02367231638418,34.599999999999994,8.25,106.29,34.44971698113207,33.120000000000005,7.0,75.34,,,,
2012-04-01,2012-04-30,64.22967930029154,68.71000000000001,2.37,124.75,20.511772525849334,18.61,0.59,101.01,15.732158774373259,14.665,1.07,50.89,,,,
2012-05-01,2012-05-31,76.55120226308345,78.47,5.26,144.06,14.870579915134371,12.45,0.23,71.87,14.660726783310903,14.33,0.89,42.07,,,,
2012-06-01,2012-06-30,70.47352256186316,68.07,10.2,146.38,12.293722627737226,10.56,1.53,49.84,13.350612813370473,12.004999999999999,0.84,47.18,,,,
2012-07-01,2012-07-31,67.73484463276836,65.88999999999999,4.51,169.2,11.609957627118645,9.49,0.61,49.54,14.73748317631225,12.95,2.6,43.13,,,,
2012-08-01,2012-08-31,73.85722143864598,71.42,4.14,146.51,14.636586741889985,12.4,1.32,76.32,15.184804845222072,14.77,2.5,47.51,,,,
2012-09-01,2012-09-30,47.053309037900874,46.515,1.86,139.14,17.959106628242075,15.71,2.71,67.73,14.608546511627907,13.425,0.0,39.93,,,,
2012-10-01,2012-10-31,20.761004243281473,12.82,0.32,98.16,24.21440056417489,23.64,2.92,73.5,18.426510067114094,17.56,0.67,58.7,,,,
2012-11-01,2012-11-30,19.04408163265306,11.825,0.62,87.66,28.814533527696792,29.52,2.86,75.04,20.141361111111113,20.490000000000002,0.37,56.93,,,,
2012-12-01,2012-12-31,33.45344146685473,30.32,0.18,78.61,28.635599435825107,27.35,2.95,72.2,16.438814016172508,13.065,0.88,106.84,,,,
2013-01-01,2013-01-31,24.127700987306067,21.39,0.08,76.33,31.43372355430183,31.74,4.5,77.48,25.37657258064516,22.195,1.54,745.31,,,,
2013-02-01,2013-02-28,44.83859375,48.150000000000006,0.79,86.58,27.77284375,25.355,3.62,76.61,26.591117734724293,22.22,-0.33,85.51,,,,
2013-03-01,2013-03-31,45.64172316384181,48.505,0.1,95.77,24.875918079096046,21.625,0.01,87.24,30.89348586810229,28.72,1.39,93.47,,,,
2013-04-01,2013-04-30,56.415959004392384,57.66,0.01,136.99,20.246559297218155,17.54,0.46,93.24,21.996963788300835,19.54,0.37,64.8,,,,
2013-05-01,2013-05-31,60.946163610719324,61.15,1.3,124.71,12.537912552891395,10.67,0.28,55.88,11.867016129032258,8.74,1.61,73.52,,,,
2013-06-01,2013-06-30,67.87323615160349,63.92,7.11,152.2,12.224693877551019,10.64,0.08,66.64,12.145291666666667,10.135000000000002,0.59,39.54,,,,
2013-07-01,2013-07-31,86.482976022567,84.11,6.78,160.07,13.932595204513397,11.83,2.89,72.36,16.49715249662618,15.96,0.61,41.51,,,,
2013-08-01,2013-08-31,67.41154929577465,66.35,3.52,140.48,15.691551480959097,12.93,2.4,71.78,14.533234501347708,13.19,0.25,158.89,,,,
2013-09-01,2013-09-30,44.241851311953354,42.93,0.29,155.59,18.026107871720118,15.855,2.5,73.57,12.898833333333332,11.34,0.48,43.01,,,,
2013-10-01,2013-10-31,23.565238764044945,18.535,0.11,78.49,22.503384831460675,21.08,2.32,75.57,15.345403225806452,13.625,-0.22,55.43,,,,
2013-11-01,2013-11-30,23.648093158660846,17.66,0.08,79.68,24.06886627906977,22.61,2.13,64.82,14.254805555555555,13.135000000000002,-0.25,46.66,,,,
2013-12-01,2013-12-31,22.5772520661157,13.91,0.02,73.38,34.96485232067511,36.4,6.37,72.13,20.979072580645163,21.235,0.29,55.4,,,,
2014-01-01,2014-01-31,17.580575035063113,7.59,0.06,77.87,31.95853521126761,31.735,5.63,74.5,22.194010767160165,18.54,1.71,508.48,,,,
2014-02-01,2014-02-28,30.859082426127525,24.77,0.14,86.04,32.47581648522551,31.52,5.73,80.58,16.560684523809524,13.26,2.03,55.31,,,,
2014-03-01,2014-03-31,44.308255319148934,44.68,0.0,120.3,31.429063829787236,27.82,6.48,105.47,28.440632737276477,23.52,2.47,99.42,,,,
2014-04-01,2014-04-30,57.74430434782609,60.125,0.61,135.74,23.898440233236155,19.744999999999997,4.57,91.38,18.003121468926555,13.92,2.66,64.87,,,,
2014-05-01,2014-05-31,72.93042134831461,72.075,9.42,141.26,13.733482688391039,11.73,2.51,65.45,10.156201117318435,8.585,1.77,78.46,,,,
2014-06-01,2014-06-30,89.18763157894738,88.83500000000001,13.12,161.15,12.549516837481699,10.62,2.45,61.65,13.178091922005573,12.745000000000001,1.49,37.51,,,,
2014-07-01,2014-07-31,69.90357243319269,66.71,2.46,155.51,12.89184247538678,10.89,1.45,85.2,11.602766251728907,9.65,0.66,36.27,,,,
2014-08-01,2014-08-31,58.56119883040936,58.57,2.51,122.87,11.820058479532165,10.335,1.11,55.07,10.86209497206704,9.51,1.47,103.8,3.356805970149254,0.95,0.44,18.04
2014-09-01,2014-09-30,37.78048104956268,36.835,1.07,110.9,19.499399141630903,16.46,1.41,76.99,20.110139470013944,20.36,2.45,46.56,15.80736111111111,15.47,1.82,76.09
2014-10-01,2014-10-31,25.048581460674157,20.145000000000003,0.33,84.46,21.997912687585266,19.87,0.36,65.32,18.069637583892618,17.56,0.82,50.92,14.736845637583894,13.97,0.6,38.7
2014-11-01,2014-11-30,9.803711790393013,2.96,0.81,64.85,25.308154929577466,24.45,2.44,63.01,18.0378859527121,17.39,0.5,51.14,15.550904033379695,15.59,0.43,34.67
2014-12-01,2014-12-31,25.350568990042674,23.14,1.12,76.51,25.17691135734072,22.655,1.44,96.07,12.842645861601087,11.15,0.53,73.95,11.495780189959294,9.77,0.48,66.18
2015-01-01,2015-01-31,31.910337078651686,29.314999999999998,0.02,88.24,26.554283765347886,25.76,0.35,87.97,18.342540322580646,16.88,0.44,321.0,16.098225806451612,14.835,0.38,272.73
2015-02-01,2015-02-28,28.86330218068536,26.86,1.3,74.75,37.0135552193646,36.55,1.82,119.28,27.929580838323353,27.685000000000002,1.46,85.62,25.186840536512666,23.89,1.42,92.91
2015-03-01,2015-03-31,39.56329078014184,40.67,1.45,91.62,29.46276243093923,25.055,1.23,98.7,27.347277628032344,27.305,0.32,98.89,21.472695417789758,22.985,0.26,66.04
2015-04-01,2015-04-30,58.80204644412191,62.44,2.86,118.01,22.802316384180788,17.82,2.05,105.34,18.12708913649025,16.955,0.85,77.7,11.834233983286907,10.875,0.73,30.18
2015-05-01,2015-05-31,64.2903366058906,64.08,3.12,128.79,16.28376021798365,14.325,3.78,56.52,13.391020833333332,11.65,0.89,35.99,10.5669375,8.78,0.77,31.15
2015-06-01,2015-06-30,72.5899706744868,69.33,10.95,146.05,13.63963120567376,12.02,1.04,50.66,13.56504895104895,12.79,1.83,36.27,9.384517482517483,8.12,1.33,31.42
2015-07-01,2015-07-31,88.42803672316384,83.26499999999999,12.0,199.46,12.756666666666668,11.27,1.7,54.42,18.12881868131868,15.254999999999999,2.1,89.71,9.516524725274724,7.38,1.43,60.75
2015-08-01,2015-08-31,79.33131914893617,73.44,1.91,203.17,18.44239339752407,15.36,4.1,95.97,17.63709251101322,16.34,1.27,51.31,12.345301027900147,11.85,0.94,34.27
2015-09-01,2015-09-30,52.51001455604075,54.83,0.37,116.57,17.899194915254235,15.25,1.87,67.72,12.5940611961057,10.85,1.03,64.91,9.407663421418636,7.57,0.83,34.88
2015-10-01,2015-10-31,25.587988748241916,21.74,0.0,104.38,25.10791553133515,23.564999999999998,3.99,75.19,22.56869798657718,23.22,1.07,46.08,19.638711409395974,20.62,0.96,41.14
2015-11-01,2015-11-30,30.492718023255815,29.925,0.0,83.97,25.07120056497175,23.13,3.33,71.04,16.950585774058577,16.23,0.48,74.79,14.02020920502092,14.4,0.42,50.25
2015-12-01,2015-12-31,7.956523605150214,1.81,0.0,84.53,32.96562849162011,31.875,3.57,86.42,18.473009575923392,17.39,2.14,68.47,16.204829001367987,15.65,1.63,45.74
2016-01-01,2016-01-31,31.51389518413598,25.79,0.0,83.49,28.709030054644806,26.89,1.06,79.56,14.920967741935485,11.365,0.34,432.45,12.616729475100941,9.81,0.2,118.36
2016-02-01,2016-02-29,45.99851127819549,49.78,0.39,102.21,20.230102339181286,18.28,0.14,81.14,11.546120689655172,8.870000000000001,0.35,67.45,9.412385057471266,7.16,0.19,37.16
2016-03-01,2016-03-31,50.12369165487977,53.2,1.45,107.55,23.274478021978023,20.01,2.45,99.53,21.715666218034993,19.43,1.22,123.01,18.79877523553163,16.68,0.45,55.78
2016-04-01,2016-04-30,61.10004354136429,63.55,0.16,132.53,18.02641748942172,15.57,1.79,84.28,13.753222222222222,10.74,1.26,46.85,10.140041666666667,8.045,0.74,36.56
2016-05-01,2016-05-31,72.94776371308016,71.38,2.55,151.23,14.489221311475411,12.125,0.0,107.37,10.044166666666666,9.39,0.76,35.11,7.153185483870968,6.529999999999999,0.3,31.8
2016-06-01,2016-06-30,66.95571010248902,65.0,7.25,154.07,9.657205673758865,8.08,0.81,44.83,7.432011173184357,6.225,1.46,32.08,4.7127234636871504,3.725,0.51,17.03
2016-07-01,2016-07-31,68.4578199718706,65.53,4.65,142.24,11.678559670781894,9.94,0.75,58.78,12.026783310901749,11.11,2.75,36.71,7.313068640646029,6.72,1.7,16.95
2016-08-01,2016-08-31,61.999236209335216,58.94,2.39,149.85,15.381950549450549,13.434999999999999,2.32,69.87,12.629005376344086,11.3,2.49,60.28,8.42111559139785,6.99,1.36,32.59
2016-09-01,2016-09-30,52.893824817518244,46.72,1.49,151.42,21.022330508474575,16.424999999999997,2.35,89.14,17.917319444444445,18.165,1.64,47.71,12.892916666666666,12.815,0.86,31.4
2016-10-01,2016-10-31,24.591218487394958,21.415,0.0,84.99,21.102761904761905,19.8,4.02,61.11,14.963342281879195,14.95,2.43,80.4,11.554362416107383,11.8,1.46,33.82
2016-11-01,2016-11-30,23.56421052631579,20.775,0.03,71.79,25.199744318181818,23.765,4.46,66.19,15.367347222222222,14.685,0.74,50.34,12.889777777777777,12.135000000000002,0.46,40.16
2016-12-01,2016-12-31,11.205802816901409,5.155,0.54,64.8,35.035876712328765,35.945,6.45,88.87,22.802352150537637,22.95,2.9,50.74,20.849973118279568,21.34,2.05,45.39
2017-01-01,2017-01-31,32.990379362670716,31.61,1.58,80.14,32.92448224852071,29.81,4.23,83.29,27.514492753623188,22.165,1.11,182.86,25.603376811594206,20.35,0.44,158.99
2017-02-01,2017-02-28,29.322859375,26.64,0.62,91.95,30.824825493171474,30.49,2.88,74.64,20.97516369047619,18.675,0.73,58.43,18.837901785714287,16.9,0.32,52.13
2017-03-01,2017-03-31,48.29019801980198,52.12,0.77,119.94,24.6753507565337,19.25,3.89,110.9,16.89831081081081,13.675,0.81,55.1,12.772094594594595,10.535,0.5,42.2
2017-04-01,2017-04-30,62.948473837209306,65.035,2.43,121.66,20.534858757062146,17.325,5.15,72.14,15.885041666666666,14.48,0.96,44.26,12.211722222222223,11.125,0.53,38.22
2017-05-01,2017-05-31,73.06810541310541,71.56,4.5,152.62,15.579709141274238,13.145,2.78,80.77,10.537074829931973,10.3,1.17,39.99,6.458829931972788,5.77,0.51,21.95
2017-06-01,2017-06-30,80.3764367816092,76.545,13.78,167.92,12.133456614509246,10.37,2.03,48.03,13.666319444444444,11.45,2.49,56.14,8.511180555555557,7.19,1.08,29.24
2017-07-01,2017-07-31,65.99107042253522,62.515,4.66,156.04,12.210123456790123,10.2,2.14,58.73,11.413790322580645,9.97,0.97,50.11,6.346693548387096,5.87,0.5,15.98
2017-08-01,2017-08-31,58.62450564971751,55.475,1.66,133.62,14.807091906721537,13.56,2.33,58.18,14.037903225806453,11.524999999999999,1.82,52.06,8.789072580645161,7.545,1.06,29.02
2017-09-01,2017-09-30,43.054605263157896,45.57,0.41,102.97,17.14497159090909,14.105,2.82,87.11,10.807531380753138,9.06,1.05,51.73,7.528379888268156,6.125,0.67,26.38
2017-10-01,2017-10-31,29.277983074753173,27.9,0.29,83.16,23.495500685871058,22.14,3.16,88.63,12.76141891891892,11.175,1.44,40.48,8.771486486486486,7.245,0.6,28.8
2017-11-01,2017-11-30,25.736335766423355,20.66,0.27,75.4,25.56,23.884999999999998,3.75,91.61,15.35294281729428,13.99,0.78,77.97,11.630599721059971,10.65,0.32,34.98
2017-12-01,2017-12-31,33.53841359773371,32.015,0.27,79.23,24.422792297111414,22.81,2.72,65.76,14.049475100942127,12.16,0.75,125.87,11.561251682368775,9.94,0.5,53.48
2018-01-01,2018-01-31,37.84502824858757,40.67,1.96,84.83,22.063415637860082,19.53,2.02,68.65,12.913252688172044,11.940000000000001,0.32,127.86,10.37768817204301,9.01,0.18,112.53
2018-02-01,2018-02-28,41.769578783151324,45.23,2.03,83.07,25.81729893778452,23.66,2.61,70.66,26.00715773809524,25.25,0.55,64.19,23.299002976190476,22.009999999999998,0.4,62.69
2018-03-01,2018-03-31,49.900042432814715,53.31,3.19,102.24,27.10104395604396,23.445,4.18,104.85,22.565710419485793,19.36,0.6,94.46,18.536278755074424,15.65,0.41,87.41
2018-04-01,2018-04-30,66.59132459970887,67.78,4.11,150.31,22.896605374823196,19.62,1.64,90.35,19.788416666666667,18.384999999999998,1.06,107.04,10.729486111111111,10.274999999999999,0.71,42.65
2018-05-01,2018-05-31,78.6530985915493,77.875,7.48,138.87,13.23295485636115,12.02,2.95,68.02,16.717930107526882,14.945,1.63,65.94,10.29997311827957,9.26,1.08,30.05
2018-06-01,2018-06-30,79.22691176470589,77.64500000000001,21.98,141.86,10.391708394698085,9.16,2.24,41.27,13.586541143654113,12.45,2.43,46.18,8.220529986052998,7.39,1.15,24.18
2018-07-01,2018-07-31,92.3342736248237,91.22,23.29,170.35,12.970109739368997,10.84,2.07,67.13,15.40258064516129,14.56,3.59,50.63,9.774435483870969,9.11,2.1,22.08
2018-08-01,2018-08-31,82.28176056338029,77.435,12.55,180.28,12.991450068399454,10.59,1.07,68.4,13.69399193548387,12.59,2.63,62.29,9.039260752688172,8.48,1.48,27.01
2018-09-01,2018-09-30,57.21571010248902,52.21,2.06,154.61,18.05018492176387,14.2,0.66,85.98,15.53336592178771,14.825,1.77,40.65,10.6218156424581,10.585,0.81,24.54
2018-10-01,2018-10-31,29.529774964838253,25.35,0.0,100.07,23.869371584699454,20.905,1.19,82.04,22.451973154362417,19.25,0.35,243.01,16.35743624161074,13.78,0.17,76.7
2018-11-01,2018-11-30,13.212102189781023,6.95,0.0,56.39,25.711612446958984,25.14,9.52,62.34,20.03700139470014,19.33,4.79,52.06,17.086359832635985,15.95,3.36,46.2
2018-12-01,2018-12-31,33.13342291371995,30.95,0.03,87.44,20.876346153846153,19.564999999999998,1.01,56.8,13.96177897574124,13.075,0.7,67.01,11.87200808625337,11.379999999999999,0.25,43.54
2019-01-01,2019-01-31,39.06364788732394,40.345,1.76,75.41,22.398372093023255,20.36,2.48,66.74,18.35100806451613,11.715,0.53,422.03,14.5984811827957,9.44,0.45,183.0
2019-02-01,2019-02-28,27.779345794392523,23.395000000000003,0.0,109.21,37.03282904689864,36.02,3.44,90.67,25.517064083457527,25.94,0.78,70.34,20.7604047976012,20.66,0.56,46.14
2019-03-01,2019-03-31,61.35845827439887,67.35,2.11,125.89,18.87636863823934,13.47,1.3,100.78,15.05558108108108,10.065000000000001,0.81,133.74,10.537783783783784,5.775,0.35,54.61
2019-04-01,2019-04-30,65.81457059679767,65.98,2.99,147.4,17.722305516265912,15.76,3.09,85.97,21.36452016689847,18.28,1.56,76.34,15.789527121001392,11.93,1.07,52.29
2019-05-01,2019-05-31,67.01879043600563,67.38,2.18,132.97,14.038782489740083,11.79,2.08,65.67,10.572809139784946,9.84,1.23,29.3,7.497177419354839,6.77,0.63,24.25
2019-06-01,2019-06-30,80.72849635036496,78.33,5.85,168.21,11.410625,9.67,0.36,73.99,14.794616457461645,12.15,1.62,63.57,8.464058577405858,7.6,0.74,34.43
2019-07-01,2019-07-31,85.69994358251058,80.94,8.81,187.62,12.915904109589041,11.0,1.98,48.52,15.208304172274563,13.07,2.16,66.28,9.168613728129205,8.49,1.17,25.43
2019-08-01,2019-08-31,60.02824611032532,57.25,0.0,131.42,14.418887362637363,12.605,1.76,57.47,12.409380053908356,11.254999999999999,2.22,50.64,8.782088948787063,7.6,1.22,30.29
2019-09-01,2019-09-30,49.9528384279476,48.86,0.0,117.68,14.736817538896748,12.43,0.77,75.69,11.653894297635604,11.06,1.59,30.14,7.386648122392211,6.47,0.78,21.93
2019-10-01,2019-10-31,27.010648801128347,22.67,0.0,77.42,18.97733606557377,17.875,1.97,69.88,11.743503355704698,11.05,1.32,37.33,7.994604026845637,7.64,0.69,28.48
2019-11-01,2019-11-30,24.8510980966325,20.0,0.0,72.3,23.0524893314367,22.75,1.98,63.02,14.18184659090909,12.765,1.22,72.3,10.891043478260869,9.545,0.48,33.62
2019-12-01,2019-12-31,30.1756258790436,24.38,0.0,86.12,24.223196721311478,23.9,2.16,68.58,13.640766129032258,11.47,0.89,70.16,11.249516129032257,9.62,0.55,63.92
2020-01-01,2020-01-31,23.672810271041367,13.07,0.15,86.77,29.21137362637363,30.21,3.2,65.79,16.185698630136987,16.634999999999998,0.47,53.85,12.729246575342467,13.440000000000001,0.13,30.67
2020-02-01,2020-02-29,53.76357466063349,63.48,0.0,95.16,19.009662756598242,12.83,1.25,72.45,8.30842105263158,5.8,0.48,58.29,5.128421052631579,3.2,0.18,30.06
2020-03-01,2020-03-31,58.531765536723164,63.68,0.59,109.47,17.591879286694102,13.03,1.92,68.75,14.520541271989176,9.43,0.47,89.92,9.450121786197565,6.48,0.2,38.67
2020-04-01,2020-04-30,79.67287790697675,77.295,4.71,152.11,15.334689265536722,11.67,1.42,67.11,18.57015299026426,18.4,1.54,61.3,10.646689847009736,10.14,0.74,31.54
2020-05-01,2020-05-31,75.79712676056337,72.84,4.34,153.56,11.120835616438356,9.665,2.33,48.23,10.12114247311828,9.45,0.68,22.27,6.525873655913978,5.890000000000001,0.37,17.32
2020-06-01,2020-06-30,66.95507288629737,65.765,6.34,133.05,9.692283687943263,8.6,1.6,45.05,7.912270194986073,7.0649999999999995,1.59,33.02,4.463314763231198,4.1,0.63,18.55
2020-07-01,2020-07-31,68.71126582278481,64.77,5.24,147.88,11.225314207650273,9.934999999999999,2.11,63.86,10.289690860215053,9.19,1.58,48.32,5.54491935483871,4.92,0.81,15.38
2020-08-01,2020-08-31,66.24434599156119,61.79,9.57,150.36,12.641270491803278,11.09,2.06,66.75,10.51475806451613,8.594999999999999,1.14,35.68,6.379475806451612,4.4350000000000005,0.57,26.88
2020-09-01,2020-09-30,51.56566229985444,48.42,0.9,132.06,15.86087818696884,13.48,2.81,68.85,13.308913649025069,11.844999999999999,0.86,35.66,8.980863509749303,7.97,0.42,26.19
2020-10-01,2020-10-31,31.484697609001405,31.66,0.37,86.3,16.459835841313268,14.94,2.19,52.27,8.58738255033557,6.58,1.08,29.6,5.808295302013423,4.68,0.45,18.82
2020-11-01,2020-11-30,15.098535825545172,8.754999999999999,0.0,74.64,23.22135785007072,22.85,2.36,59.51,15.655710306406684,15.4,1.7,41.26,12.084526462395544,12.08,0.72,34.36
2020-12-01,2020-12-31,20.566346967559944,16.45,0.0,75.19,25.244794520547945,26.705,2.52,57.48,11.444516129032257,10.675,0.27,44.96,9.358212365591399,8.93,0.17,22.39
2021-01-01,2021-01-31,36.64547887323944,36.095,0.0,86.24,22.134350205198356,17.72,2.32,79.38,12.654596774193548,11.915,0.27,71.04,10.322661290322582,9.775,0.21,60.9
2021-02-01,2021-02-28,32.84452269170579,33.07,-0.55,83.03,25.70889561270802,24.1,1.3,71.18,22.514805970149254,15.915,1.07,121.34,13.965492537313432,11.82,0.6,61.02
2021-03-01,2021-03-31,51.64170662905501,56.79,1.57,118.8,19.56654794520548,15.61,1.72,72.61,15.627543859649123,12.91,0.32,62.18,10.613427800269905,8.99,0.22,46.67
2021-04-01,2021-04-30,70.73209302325581,71.72,5.94,124.95,13.421228813559322,10.61,1.7,52.06,13.370694444444444,12.285,0.73,47.78,8.053138888888888,7.355,0.31,30.78
2021-05-01,2021-05-31,68.4420253164557,71.25,7.57,115.84,8.831025991792066,6.95,0.15,47.08,5.260161507402423,4.63,0.96,16.94,2.9900807537012115,2.31,0.41,14.16
2021-06-01,2021-06-30,79.5858394160584,77.71,18.74,170.5,8.978851063829788,7.52,1.54,37.36,11.364277777777778,9.684999999999999,1.23,80.83,5.937347222222223,5.18,0.45,20.41
2021-07-01,2021-07-31,65.36766949152542,63.72,4.17,162.83,8.850765027322405,7.705,1.18,41.33,9.509596774193549,8.03,1.21,29.91,5.465766129032258,4.7,0.39,18.96
2021-08-01,2021-08-31,59.072289325842696,59.025000000000006,5.62,132.09,9.74641586867305,7.59,1.26,48.97,9.630255376344087,7.08,1.24,35.1,5.468991935483871,4.16,0.8,18.21
2021-09-01,2021-09-30,54.448799414348464,52.14,1.14,128.03,15.04146306818182,12.850000000000001,1.78,64.24,11.51358938547486,11.835,0.54,30.55,7.394120111731843,7.795,0.26,14.79
2021-10-01,2021-10-31,30.02539325842697,25.2,0.0,96.39,18.82435020519836,17.96,1.92,56.55,13.077771812080538,14.07,1.11,28.77,9.493342281879194,10.03,0.42,22.12
2021-11-01,2021-11-30,21.652663755458516,19.52,0.0,62.66,19.93111581920904,18.265,4.18,51.15,11.589027777777778,10.58,1.61,36.15,8.866958333333333,8.055,0.63,28.93
2021-12-01,2021-12-31,28.28,26.69,0.73,76.65,21.15379781420765,20.12,2.67,52.38,9.762891891891892,8.2,0.76,40.57,7.7117162162162165,6.335,0.37,33.98
2022-01-01,2022-01-31,33.95160337552743,36.26,1.21,74.61,20.60811475409836,17.84,0.45,63.1,12.660685483870967,9.815000000000001,0.25,121.84,12.061317204301076,8.809999999999999,0.15,126.23
2022-02-01,2022-02-28,47.587857142857146,54.775,0.07,78.64,16.163136363636365,10.98,0.42,72.04,7.021264880952381,5.67,0.43,26.52,5.537068452380952,4.22,0.24,20.7
2022-03-01,2022-03-31,47.34704641350211,46.35,0.14,123.44,26.254136986301372,22.19,3.28,90.45,26.496013513513514,26.064999999999998,1.6,84.23,20.271675675675677,20.775,0.93,40.41
2022-04-01,2022-04-30,68.33981077147016,70.41,2.1,132.47,12.890833333333331,10.27,1.0,68.47,8.997402031930333,7.92,0.33,31.63,6.9963280116110305,6.2,0.16,26.31
2022-05-01,2022-05-31,70.84820476858344,70.15,5.3,136.59,10.033794520547945,8.435,1.2,50.53,9.756738544474393,9.385,2.21,30.39,6.5965229110512125,6.285,1.22,19.82
2022-06-01,2022-06-30,71.27248908296943,68.12,11.3,158.56,9.210101744186046,7.755,0.77,56.93,10.74103840682788,8.73,2.19,41.59,6.558406827880512,5.52,1.25,20.5
2022-07-01,2022-07-31,84.24471167369902,82.54,13.54,161.51,8.550204918032787,7.2,0.22,46.95,10.41385752688172,9.95,1.73,46.1,6.4833467741935475,5.695,0.74,17.34
2022-08-01,2022-08-31,80.20447108603668,81.93,6.34,164.66,9.872397260273972,8.165,1.81,41.65,9.158477088948787,9.01,1.57,19.44,6.439878706199462,6.225,1.19,15.47
2022-09-01,2022-09-30,51.74040697674419,54.595,1.48,104.47,10.760014124293786,8.555,0.72,57.04,6.387103064066852,5.75,1.17,21.64,4.395389972144847,3.8600000000000003,0.68,18.57
2022-10-01,2022-10-31,22.49850704225352,17.195,0.0,82.46,15.928524590163935,15.024999999999999,0.35,55.46,12.500242587601079,11.765,0.94,31.26,8.824649595687331,8.235,0.58,26.83
2022-11-01,2022-11-30,27.40023289665211,22.14,0.0,75.06,17.80831920903955,16.26,0.22,59.24,8.565180555555555,8.295,0.66,26.56,7.361152777777777,7.015000000000001,0.29,23.91
2022-12-01,2022-12-31,23.558,17.36,0.0,84.27,23.076712141882673,22.99,0.84,56.22,13.588232118758434,12.46,0.42,94.64,13.337840755735494,12.38,0.34,96.17
2023-01-01,2023-01-31,40.079,39.845,0.09,84.17,16.914603825136613,15.905000000000001,1.25,62.3,10.251290322580646,9.16,0.47,246.56,8.026787634408603,7.08,0.24,208.31
2023-02-01,2023-02-28,40.24724299065421,44.32,0.58,81.07,22.23112121212121,19.63,3.67,81.83,17.514836309523808,15.504999999999999,2.23,58.56,13.55904761904762,11.594999999999999,0.9,50.13
2023-03-01,2023-03-31,59.77978902953586,64.18,1.28,114.39,17.38751025991792,14.08,0.24,82.92,13.448029689608637,9.98,0.51,61.63,9.220931174089069,5.91,0.23,48.68
2023-04-01,2023-04-30,69.45111918604651,73.33,6.02,112.13,9.751511299435029,7.470000000000001,0.07,56.71,7.200597222222223,6.6850000000000005,1.03,26.11,4.8915,4.25,0.46,18.89
2023-05-01,2023-05-31,72.50768033946252,69.21,6.85,138.88,8.275824175824177,6.995,0.27,39.68,11.064541778975741,11.004999999999999,1.78,30.68,6.792843665768194,6.92,0.72,18.71
2023-06-01,2023-06-30,105.96551673944687,108.85,10.48,171.33,8.21835926449788,6.9,1.55,35.86,16.0202649930265,15.66,3.24,46.33,8.66463040446304,8.27,1.92,17.54
2023-07-01,2023-07-31,70.65259154929576,70.42500000000001,10.04,144.9,8.181957746478872,6.24,0.4,45.5,10.324879032258064,9.215,1.52,47.85,5.484784946236559,4.67,0.69,22.49
2023-08-01,2023-08-31,69.79640735502122,65.68,3.88,151.05,9.804120879120878,8.59,0.11,56.0,11.915531628532975,9.75,1.33,52.54,6.546635262449528,5.6,0.45,19.15
2023-09-01,2023-09-30,56.80348330914369,54.69,1.98,138.65,13.676107193229901,11.82,0.34,64.21,12.234680555555554,11.22,1.07,32.57,7.836708333333334,6.495,0.37,22.53
2023-10-01,2023-10-31,35.2959493670886,31.03,0.0,105.83,15.817609289617486,14.325,0.82,60.14,13.237048517520215,11.52,1.18,75.24,7.93044474393531,6.904999999999999,0.46,34.75
2023-11-01,2023-11-30,46.09984011627907,50.239999999999995,0.29,84.36,13.471398305084746,10.08,0.32,59.21,5.092291666666666,4.15,0.45,20.49,3.411902777777778,2.495,0.15,14.77
2023-12-01,2023-12-31,44.05210155148096,46.29,0.42,90.64,17.58867486338798,15.254999999999999,0.7,57.07,8.413908355795147,6.75,0.49,35.87,6.860862533692723,5.125,0.27,30.44
2024-01-01,2024-01-31,38.242132768361586,38.269999999999996,0.02,89.37,18.65785519125683,16.619999999999997,0.36,61.62,10.793864265927978,9.129999999999999,0.41,40.71,9.117382271468143,7.8100000000000005,0.23,36.34
2024-02-01,2024-02-29,38.25778702163062,39.03,0.94,99.75,17.310659824046922,14.030000000000001,0.0,92.54,9.836,8.52,0.5,34.12,6.8542158273381295,5.22,0.21,26.24
2024-03-01,2024-03-31,46.20702816901408,46.235,0.89,105.81,15.06734610123119,12.78,0.0,63.28,12.430094466936573,7.71,0.82,265.35,6.868205128205128,5.16,0.42,77.19
2024-04-01,2024-04-30,62.27171761280931,67.27,4.86,121.4,13.101131541725602,10.37,0.28,64.72,10.438583333333334,6.98,0.72,88.71,5.314333333333334,4.09,0.27,26.54
2024-05-01,2024-05-31,64.80779184247538,64.08,11.13,134.22,8.946265389876881,7.01,0.77,45.12,7.397913862718707,5.53,0.99,71.01,4.1017496635262445,3.18,0.47,24.62
2024-06-01,2024-06-30,66.85357039187228,65.59,12.23,125.99,7.123736462093863,6.01,0.92,26.39,9.062030598052852,8.05,0.95,45.35,5.260709318497914,4.95,0.41,18.93
2024-07-01,2024-07-31,68.36240579710145,68.315,8.95,138.4,9.031530460624072,7.18,1.73,42.43,8.155895020188424,7.16,1.9,28.06,4.627685060565276,3.99,0.74,23.43
2024-08-01,2024-08-31,70.85175561797752,67.13,5.59,145.53,10.300463847203273,8.53,1.61,49.26,10.611803499327053,8.98,2.08,198.63,6.128761776581427,5.39,1.14,24.93
2024-09-01,2024-09-30,58.65353197674418,58.92,1.67,131.38,11.465988700564973,9.515,1.54,48.3,8.49688888888889,6.045,0.98,32.7,5.24,3.73,0.36,19.16
2024-10-01,2024-10-31,23.044084507042253,18.18,0.61,78.01,14.433983628922238,13.73,1.55,50.21,7.964164420485175,7.095000000000001,0.72,20.74,5.386940700808625,4.6850000000000005,0.34,16.96
2024-11-01,2024-11-30,26.6916568914956,22.615000000000002,0.81,78.77,17.419220963172805,14.91,1.68,61.81,12.821225352112675,12.815000000000001,0.64,37.85,9.421295774647888,9.84,0.33,25.41
2024-12-01,2024-12-31,30.34261235955056,27.915,0.72,82.9,18.621195652173913,16.17,2.88,59.74,9.738561827956989,9.285,0.58,51.31,7.956438172043011,7.7,0.34,45.11
2025-01-01,2025-01-31,31.070436619718308,26.825,0.0,86.53,23.267596153846156,20.665,2.77,61.71,12.998467741935485,11.120000000000001,0.48,263.82,11.303803763440861,9.23,0.25,235.12
2025-02-01,2025-02-28,27.649080996884734,29.4,0.35,79.68,21.912800608828004,19.41,2.6,62.41,23.825268656716418,22.865000000000002,0.54,65.07,21.12376119402985,20.12,0.19,54.44
2025-03-01,2025-03-31,44.99457102672292,45.19,0.7,111.85,20.54593663911846,16.435000000000002,1.07,91.78,18.227572016460904,14.59,2.21,71.96,13.450068587105624,10.83,1.08,65.17
2025-04-01,2025-04-30,62.44534985422741,62.69,3.1,136.9,14.730412517780938,11.64,2.19,61.38,13.791197771587743,11.61,1.77,94.86,6.866685236768802,6.6899999999999995,0.92,22.11
2025-05-01,2025-05-31,73.57684950773559,70.54,10.18,144.28,11.187417582417583,9.725000000000001,2.36,45.99,12.36736559139785,10.94,1.54,44.25,6.456774193548387,5.86,0.82,15.38
2025-06-01,2025-06-30,79.24340116279069,77.53,14.24,149.1,8.61551920341394,7.38,1.04,39.97,15.17509749303621,13.254999999999999,2.65,57.47,9.40526462395543,7.4,1.48,51.6
2025-07-01,2025-07-31,72.09407355021217,70.99,14.86,135.3,6.478786206896552,5.42,0.09,29.06,9.442876344086022,8.2,1.76,42.02,5.441599462365591,4.875,0.76,16.92
2025-08-01,2025-08-31,71.68071729957806,70.33,4.28,155.43,10.200444763271163,8.64,0.66,101.46,15.11564690026954,12.5,1.42,50.7,8.906495956873314,7.880000000000001,0.66,25.15
2025-09-01,2025-09-30,41.45094476744186,38.765,3.26,106.46,9.920967283072546,8.52,0.47,52.11,7.496314325452017,6.36,1.39,36.47,4.510514603616134,3.55,0.51,20.87
